{"cameraMode":{"drawMode":0,"name":"Shaded","section":"Shading Mode"},"sceneLighting":false,"audioPlay":false,"sceneViewState":{"m_AlwaysRefresh":false,"showFog":true,"showSkybox":false,"showFlares":true,"showImageEffects":true,"showParticleSystems":true,"showVisualEffectGraphs":true,"m_FxEnabled":true},"in2DMode":false,"pivot":{"x":6.569284915924072,"y":0.916029155254364,"z":3.979316234588623},"rotation":{"x":-0.0026756851002573969,"y":0.9972837567329407,"z":-0.056906986981630328,"w":-0.04690667614340782},"size":1.2690085172653199,"orthographic":false}